"id","score"
1,65.5846513807774
2,63.9773621223867
3,82.9304035753012
4,85.6974703492597
5,67.456314037554
6,97.638932033442
7,79.9971092259511
8,75.3404954215512
9,34.8457411164418
10,6.64558880962431
