"id","score"
1,72.8987468173727
2,88.2475558901206
3,50.2158396877348
4,24.4927055202425
5,47.1774104982615
6,82.012408412993
7,93.2590319309384
8,12.197090848349
9,20.3302208101377
10,59.3995278235525
