"id","score"
1,9.45638231933117
2,2.71519273519516
3,17.7926304982975
4,49.1100565996021
5,93.6675331788138
6,12.9108399152756
7,81.4683764940128
8,35.569725302048
9,71.2178610032424
10,42.6811561686918
