"id","score"
1,24.1464787395671
2,86.8912047008052
3,9.2905140016228
4,92.2809308161959
5,67.7325607044622
6,90.5585213331506
7,46.2040288606659
8,27.0592621061951
9,9.00216759182513
10,32.9241362633184
