"id","score"
1,31.3491917448118
2,99.9027124140412
3,20.1710715424269
4,46.96775150951
5,89.7346340818331
6,85.7928905636072
7,79.4380978215486
8,55.9729699976742
9,83.9219231624156
10,83.3616414107382
