"id","score"
1,44.3115828093141
2,58.8792232330889
3,20.8285182947293
4,21.5749397175387
5,16.3590273121372
6,74.5287319645286
7,70.0758095365018
8,16.0380498040468
9,60.2768315235153
10,95.736783486791
