"id","score"
1,4.84605878591537
2,52.7420920087025
3,28.2773440238088
4,29.5202408451587
5,57.9697860404849
6,62.7895457204431
7,39.6784156793728
8,15.9761331044137
9,36.736886901781
10,55.5860931286588
