"id","score"
1,80.5241526570171
2,66.9492833316326
3,32.5440876884386
4,88.0893451161683
5,49.2436915868893
6,33.3452424500138
7,94.6754985954612
8,0.233378470875323
9,51.4616884058341
10,5.53454000037163
