"id","score"
1,43.8171127345413
2,10.2412340929732
3,43.3457375504076
4,42.6936344942078
5,23.6685297451913
6,65.2297887951136
7,99.0393090527505
8,96.7914681183174
9,98.5630249138921
10,72.5893836701289
