"id","score"
1,51.2242645723745
2,84.0432184748352
3,14.7062809672207
4,77.3810437647626
5,85.4755414882675
6,67.9286528611556
7,58.7239590240642
8,15.7001089071855
9,36.1342913471162
10,65.8828720683232
