"id","score"
1,28.4891550196335
2,95.0294695561752
3,79.9536066828296
4,44.9487464735284
5,46.5681009460241
6,59.339436981827
7,15.5039025936276
8,92.9861571406946
9,12.5929672271013
10,58.9695101603866
