"id","score"
1,57.2015925310552
2,17.4182468093932
3,39.5616385154426
4,41.5663046995178
5,9.16186815593392
6,75.3561194520444
7,90.8944058232009
8,26.0873032500967
9,35.104717570357
10,43.7993542756885
