"id","score"
1,46.1210109759122
2,59.5733646769077
3,36.5463969763368
4,28.4430030034855
5,51.8274405505508
6,2.06977499183267
7,33.0258392030373
8,38.0654024658725
9,20.8660795586184
10,77.4973640218377
