"id","score"
1,82.6456644106656
2,35.90364723932
3,12.6748239854351
4,20.490982895717
5,93.5172837926075
6,5.59994692448527
7,9.80325904674828
8,89.428338338621
9,69.2954356083646
10,60.4168707039207
