"id","score"
1,34.8430844489485
2,31.4617768628523
3,84.9579700967297
4,18.6571804108098
5,59.6066113561392
6,49.103632569313
7,49.6292625786737
8,90.4830953339115
9,73.2839316362515
10,23.3156525995582
