"id","score"
1,98.9564026007429
2,88.0674930289388
3,78.0260834144428
4,30.3674007300287
5,25.3068291349337
6,97.7775508072227
7,72.1267352811992
8,81.9490770576522
9,46.6658235294744
10,86.5070589352399
