"id","score"
1,25.3514427458867
2,53.2435579691082
3,88.3269400335848
4,35.4668071260676
5,74.1008444223553
6,21.7147917253897
7,30.6158631807193
8,47.1880141412839
9,52.5177232921124
10,60.3693226119503
