"id","score"
1,30.656761280261
2,87.7176444744691
3,14.4488100428134
4,24.4003219297156
5,17.6008288981393
6,78.0639270553365
7,4.41098830197006
8,5.12295241933316
9,62.7269629854709
10,83.3903454942629
